file,center_x_um,center_x_um_err,center_y_um,center_y_um_err,angle_deg,angle_deg_err,main_profile_length_um,main_profile_width_um,ortho_profile_length_um,ortho_profile_width_um,main_fwhm_um,main_fwhm_um_err,main_fwhm_gauss_um,main_fwhm_gauss_um_err,ortho_fwhm_um,ortho_fwhm_um_err,ortho_fwhm_gauss_um,ortho_fwhm_gauss_um_err,main_criteria,ortho_criteria,shot_number,center_x_um_centered,center_y_um_centered,center_x_um_err_total,center_y_um_err_total,ortho_fwhm_um_err_total,ortho_fwhm_gauss_um_err_total,main_fwhm_um_err_total,main_fwhm_gauss_um_err_total,fwhm_diff
spool 0.001_1_Spooled files.tif,358.212,0.2,273.696,0.041,1.214,0.072,113.75,1.625,12.025,3.25,30.413,0.2,32.21,0.205,3.681,0.241,3.74,0.068,Длина профиля оптимальна.; Ошибка FWHM (0.7%) в норме.,Длина профиля < размера пятна — FWHM занижен!; Ошибка FWHM (6.5%) в норме.,1,-0.5400909090910773,0.04615454545455577,0.2916801847227358,0.21623674562823336,0.3211827052627356,0.22293795136739122,0.2916801847227358,0.2951310389638631,0.21135454545454246
spool 0.001_Spooled files.tif,358.653,0.198,271.941,0.042,1.619,0.072,113.75,1.625,12.025,3.25,30.569,0.235,32.258,0.203,3.838,0.261,3.919,0.048,Длина профиля оптимальна.; Ошибка FWHM (0.8%) в норме.,Длина профиля < размера пятна — FWHM занижен!; Ошибка FWHM (6.8%) в норме.,1,-0.09909090909104634,-1.7088454545454965,0.2903124698663309,0.2164285798130397,0.33644959527377843,0.21767252964002898,0.3167054312131216,0.2937453491715048,0.03235454545454264
spool 0.001_2_Spooled files.tif,358.654,0.205,273.667,0.04,1.472,0.068,113.75,1.625,12.025,3.25,30.282,0.218,32.687,0.208,3.756,0.246,3.813,0.069,Длина профиля оптимальна.; Ошибка FWHM (0.7%) в норме.,Длина профиля < размера пятна — FWHM занижен!; Ошибка FWHM (6.5%) в норме.,2,-0.09809090909106999,0.017154545454502568,0.2951310389638631,0.2160493697280538,0.32495127351633707,0.22324500030211045,0.30430466667451767,0.2972226945572785,0.1383545454545425
spool 0.001_3_Spooled files.tif,358.359,0.202,272.26,0.041,1.396,0.069,113.75,1.625,12.025,3.25,31.061,0.166,33.133,0.245,3.907,0.232,4.038,0.068,Длина профиля оптимальна.; Ошибка FWHM (0.5%) в норме.,Длина профиля < размера пятна — FWHM занижен!; Ошибка FWHM (5.9%) в норме.,3,-0.3930909090910859,-1.3898454545454797,0.2930551657280405,0.21623674562823336,0.3144858186944036,0.22293795136739122,0.2695057145217691,0.3241948953328681,0.08664545454545758
spool 0.001_4_Spooled files.tif,359.449,0.203,274.042,0.041,1.454,0.07,113.75,1.625,12.025,3.25,32.457,0.207,33.29,0.218,4.097,0.246,4.183,0.08,Длина профиля оптимальна.; Ошибка FWHM (0.6%) в норме.,Длина профиля < размера пятна — FWHM занижен!; Ошибка FWHM (6.0%) в норме.,4,0.6969090909089459,0.39215454545450257,0.2937453491715048,0.21623674562823336,0.32495127351633707,0.2268861612348565,0.2965237429952099,0.30430466667451767,0.23164545454545715
spool 0.001_5_Spooled files.tif,358.297,0.208,274.113,0.041,1.421,0.066,113.75,1.625,12.025,3.25,32.445,0.154,32.848,0.222,3.711,0.248,3.949,0.075,Длина профиля оптимальна.; Ошибка FWHM (0.5%) в норме.,Длина профиля < размера пятна — FWHM занижен!; Ошибка FWHM (6.7%) в норме.,5,-0.4550909090910409,0.46315454545452894,0.2972226945572785,0.21623674562823336,0.3264679619195263,0.22517177922619275,0.2622848264004025,0.30718289366416435,0.0023545454545428335
spool 0.001_6_Spooled files.tif,357.984,0.199,274.494,0.042,1.687,0.072,113.75,1.625,12.025,3.25,30.883,0.331,33.612,0.225,3.857,0.244,3.884,0.088,Длина профиля оптимальна.; Ошибка FWHM (1.1%) в норме.,Длина профиля < размера пятна — FWHM занижен!; Ошибка FWHM (6.3%) в норме.,6,-0.7680909090910859,0.8441545454545576,0.2909954126096996,0.2164285798130397,0.32343984009377896,0.22982891497783584,0.39324080429158076,0.3093579321108306,0.06735454545454278
spool 0.001_7_Spooled files.tif,358.753,0.2,273.285,0.041,1.277,0.07,113.75,1.625,12.025,3.25,30.448,0.249,32.673,0.204,3.894,0.239,4.089,0.076,Длина профиля оптимальна.; Ошибка FWHM (0.8%) в норме.,Длина профиля < размера пятна — FWHM занижен!; Ошибка FWHM (6.1%) в норме.,7,0.000909090908919552,-0.3648454545454456,0.2916801847227358,0.21623674562823336,0.31968473557536226,0.2255068295193946,0.327228253914434,0.29443731108656945,0.13764545454545773
spool 0.001_8_Spooled files.tif,358.196,0.204,272.809,0.04,1.005,0.069,113.75,1.625,12.025,3.25,32.031,0.23,32.212,0.18,4.156,0.261,4.169,0.064,Длина профиля оптимальна.; Ошибка FWHM (0.7%) в норме.,Длина профиля < размера пятна — FWHM занижен!; Ошибка FWHM (6.3%) в норме.,8,-0.55609090909104,-0.8408454545454447,0.29443731108656945,0.2160493697280538,0.33644959527377843,0.22175060351640374,0.31301330668182353,0.2783474989287479,0.21764545454545692
spool 0.001_9_Spooled files.tif,358.625,0.202,273.576,0.041,1.325,0.069,113.75,1.625,12.025,3.25,31.296,0.195,32.68,0.247,4.073,0.296,3.95,0.056,Длина профиля оптимальна.; Ошибка FWHM (0.6%) в норме.,Длина профиля < размера пятна — FWHM занижен!; Ошибка FWHM (7.3%) в норме.,9,-0.12709090909106635,-0.07384545454544877,0.2930551657280405,0.21623674562823336,0.3642709570634053,0.21957534050956018,0.2882747476972086,0.3257089654275567,0.0013545454545424995
spool 0.001_10_Spooled files.tif,358.0,0.197,274.173,0.042,1.4,0.072,113.75,1.625,12.025,3.25,29.577,0.175,32.712,0.243,3.951,0.239,4.011,0.061,Длина профиля оптимальна.; Ошибка FWHM (0.6%) в норме.,Длина профиля < размера пятна — FWHM занижен!; Ошибка FWHM (6.1%) в норме.,10,-0.7520909090910664,0.5231545454545312,0.28963136943343915,0.2164285798130397,0.31968473557536226,0.22090344080590799,0.27514056436645123,0.32268611708576694,0.059645454545457444
spool 0.001_11_Spooled files.tif,358.068,0.21,274.842,0.04,1.566,0.065,113.75,1.625,12.025,3.25,31.802,0.177,32.36,0.189,4.127,0.272,4.022,0.064,Длина профиля оптимальна.; Ошибка FWHM (0.6%) в норме.,Длина профиля < размера пятна — FWHM занижен!; Ошибка FWHM (6.6%) в норме.,11,-0.6840909090910827,1.192154545454514,0.2986257359302599,0.2160493697280538,0.34505264838845867,0.22175060351640374,0.2764169498418816,0.2842504708173573,0.07064545454545756
spool 0.001_12_Spooled files.tif,358.61,0.201,273.668,0.041,1.366,0.069,113.75,1.625,12.025,3.25,30.236,0.183,32.838,0.222,3.438,0.257,3.709,0.061,Длина профиля оптимальна.; Ошибка FWHM (0.6%) в норме.,Длина профиля < размера пятна — FWHM занижен!; Ошибка FWHM (7.5%) в норме.,12,-0.1420909090910527,0.018154545454535764,0.29236677335136646,0.21623674562823336,0.3333561611248385,0.22090344080590799,0.28029686077423216,0.30718289366416435,0.2423545454545426
spool 0.001_13_Spooled files.tif,358.782,0.204,273.532,0.041,1.388,0.068,113.75,1.625,12.025,3.25,30.355,0.228,31.798,0.184,3.78,0.274,3.723,0.069,Длина профиля оптимальна.; Ошибка FWHM (0.8%) в норме.,Длина профиля < размера пятна — FWHM занижен!; Ошибка FWHM (7.2%) в норме.,13,0.029909090908915914,-0.11784545454548834,0.29443731108656945,0.21623674562823336,0.34663140388587027,0.22324500030211045,0.3115466741274721,0.28095076109505257,0.2283545454545428
spool 0.001_14_Spooled files.tif,358.731,0.202,273.702,0.041,1.395,0.069,113.75,1.625,12.025,3.25,30.99,0.234,31.979,0.2,3.818,0.266,3.992,0.064,Длина профиля оптимальна.; Ошибка FWHM (0.8%) в норме.,Длина профиля < размера пятна — FWHM занижен!; Ошибка FWHM (7.0%) в норме.,14,-0.021090909091071808,0.05215454545452758,0.2930551657280405,0.21623674562823336,0.3403429596155756,0.22175060351640374,0.3159641279637442,0.2916801847227358,0.040645454545457316
spool 0.001_15_Spooled files.tif,359.769,0.195,272.09,0.042,1.629,0.074,113.75,1.625,12.025,3.25,32.645,0.275,33.066,0.198,3.747,0.269,3.889,0.074,Длина профиля оптимальна.; Ошибка FWHM (0.8%) в норме.,Длина профиля < размера пятна — FWHM занижен!; Ошибка FWHM (7.2%) в норме.,15,1.016909090908939,-1.5598454545454956,0.2882747476972086,0.2164285798130397,0.3426927635067442,0.22484067728035623,0.3474224088338133,0.2903124698663309,0.06235454545454289
spool 0.001_16_Spooled files.tif,359.173,0.198,274.064,0.042,1.112,0.072,113.75,1.625,12.025,3.25,32.366,1.213,32.46,0.201,3.875,0.284,3.814,0.066,Длина профиля оптимальна.; Ошибка FWHM (3.7%) в норме.,Длина профиля < размера пятна — FWHM занижен!; Ошибка FWHM (7.3%) в норме.,16,0.42090909090893547,0.41415454545455077,0.2903124698663309,0.2164285798130397,0.354588959444438,0.22233607480543793,1.2314407538163943,0.29236677335136646,0.13735454545454262
spool 0.001_17_Spooled files.tif,360.337,0.199,273.773,0.042,0.965,0.072,113.75,1.625,12.025,3.25,33.105,0.191,31.963,0.163,3.963,0.246,3.958,0.068,Длина профиля оптимальна.; Ошибка FWHM (0.6%) в норме.,Длина профиля < размера пятна — FWHM занижен!; Ошибка FWHM (6.2%) в норме.,17,1.5849090909089227,0.12315454545455395,0.2909954126096996,0.2164285798130397,0.32495127351633707,0.22293795136739122,0.285584191018847,0.2676683211735922,0.006645454545457508
spool 0.001_18_Spooled files.tif,359.119,0.2,272.759,0.041,1.46,0.071,113.75,1.625,12.025,3.25,32.148,0.257,32.171,0.213,3.964,0.251,3.971,0.058,Длина профиля оптимальна.; Ошибка FWHM (0.8%) в норме.,Длина профиля < размера пятна — FWHM занижен!; Ошибка FWHM (6.3%) в норме.,18,0.36690909090896184,-0.890845454545456,0.2916801847227358,0.21623674562823336,0.32875268844511263,0.2200939121372722,0.3333561611248385,0.3007429636082768,0.019645454545457408
spool 0.001_19_Spooled files.tif,358.839,0.208,274.492,0.041,2.061,0.066,113.75,1.625,12.025,3.25,30.655,0.231,32.387,0.199,3.819,0.235,4.017,0.09,Длина профиля оптимальна.; Ошибка FWHM (0.8%) в норме.,Длина профиля < размера пятна — FWHM занижен!; Ошибка FWHM (6.2%) в норме.,19,0.08690909090893228,0.842154545454548,0.2972226945572785,0.21623674562823336,0.3167054312131216,0.23060210354610663,0.31374883292195577,0.2909954126096996,0.06564545454545767
spool 0.001_20_Spooled files.tif,359.338,0.199,272.912,0.042,1.656,0.071,113.75,1.625,12.025,3.25,33.433,0.195,32.51,0.188,4.332,0.334,4.341,0.071,Длина профиля оптимальна.; Ошибка FWHM (0.6%) в норме.,Длина профиля < размера пятна — FWHM занижен!; Ошибка FWHM (7.7%) в норме.,20,0.5859090909089559,-0.7378454545454929,0.2909954126096996,0.2164285798130397,0.395769289055997,0.22387123566883105,0.2882747476972086,0.28358654791772,0.3896454545454575
spool 0.001_21_Spooled files.tif,358.672,0.197,274.177,0.043,1.969,0.072,113.75,1.625,12.025,3.25,30.878,0.684,32.885,0.222,4.004,0.239,4.1,0.083,Длина профиля оптимальна.; Ошибка FWHM (2.2%) в норме.,Длина профиля < размера пятна — FWHM занижен!; Ошибка FWHM (6.0%) в норме.,21,-0.08009090909104088,0.5271545454545503,0.28963136943343915,0.2166248604382454,0.31968473557536226,0.22796124705723403,0.7161936401280657,0.30718289366416435,0.14864545454545697
spool 0.001_22_Spooled files.tif,359.028,0.201,273.383,0.042,1.436,0.071,113.75,1.625,12.025,3.25,33.251,0.15,32.421,0.202,3.792,0.291,3.893,0.078,Длина профиля оптимальна.; Ошибка FWHM (0.5%) в норме.,Длина профиля < размера пятна — FWHM занижен!; Ошибка FWHM (7.7%) в норме.,22,0.27590909090895366,-0.26684545454548925,0.29236677335136646,0.2164285798130397,0.3602198358778835,0.22618870475753047,0.25995640049802443,0.2930551657280405,0.05835454545454288
spool 0.001_23_Spooled files.tif,358.748,0.204,274.12,0.041,1.927,0.068,113.75,1.625,12.025,3.25,28.453,0.205,31.559,0.217,3.96,0.225,3.993,0.063,Длина профиля оптимальна.; Ошибка FWHM (0.7%) в норме.,Длина профиля < размера пятна — FWHM занижен!; Ошибка FWHM (5.7%) в норме.,23,-0.0040909090910759005,0.47015454545453395,0.29443731108656945,0.21623674562823336,0.3093579321108306,0.22146406065068278,0.2951310389638631,0.3035890810946423,0.041645454545457206
spool 0.001_24_Spooled files.tif,358.444,0.206,273.416,0.041,1.539,0.068,113.75,1.625,12.025,3.25,28.731,0.233,31.043,0.207,3.79,0.252,3.838,0.062,Длина профиля оптимальна.; Ошибка FWHM (0.8%) в норме.,Длина профиля < размера пятна — FWHM занижен!; Ошибка FWHM (6.6%) в норме.,24,-0.3080909090910495,-0.23384545454547379,0.2958265203795787,0.21623674562823336,0.32951681316723325,0.22118166777535903,0.31522425376212615,0.2965237429952099,0.1133545454545426
spool 0.001_25_Spooled files.tif,359.942,0.196,273.174,0.042,1.819,0.072,113.75,1.625,12.025,3.25,33.147,0.21,32.495,0.201,4.047,0.242,4.114,0.052,Длина профиля оптимальна.; Ошибка FWHM (0.6%) в норме.,Длина профиля < размера пятна — FWHM занижен!; Ошибка FWHM (6.0%) в норме.,25,1.189909090908941,-0.47584545454549243,0.28895212433877226,0.2164285798130397,0.3219337356660362,0.21858940999025844,0.2986257359302599,0.29236677335136646,0.1626454545454572
spool 0.001_26_Spooled files.tif,358.993,0.203,273.125,0.041,1.575,0.069,113.75,1.625,12.025,3.25,32.201,0.177,32.992,0.196,4.027,0.221,4.114,0.071,Длина профиля оптимальна.; Ошибка FWHM (0.6%) в норме.,Длина профиля < размера пятна — FWHM занижен!; Ошибка FWHM (5.5%) в норме.,26,0.24090909090892865,-0.5248454545454706,0.2937453491715048,0.21623674562823336,0.30646097656943094,0.22387123566883105,0.2764169498418816,0.28895212433877226,0.1626454545454572
spool 0.001_27_Spooled files.tif,357.827,0.203,274.014,0.041,1.293,0.069,113.75,1.625,12.025,3.25,31.944,0.19,33.537,0.2,4.063,0.241,4.153,0.09,Длина профиля оптимальна.; Ошибка FWHM (0.6%) в норме.,Длина профиля < размера пятна — FWHM занижен!; Ошибка FWHM (5.9%) в норме.,27,-0.9250909090910682,0.3641545454545394,0.2937453491715048,0.21623674562823336,0.3211827052627356,0.23060210354610663,0.28491635642744223,0.2916801847227358,0.2016454545454569
spool 0.001_28_Spooled files.tif,358.645,0.198,273.433,0.042,1.393,0.071,113.75,1.625,12.025,3.25,31.319,0.237,33.224,0.236,3.943,0.242,3.96,0.054,Длина профиля оптимальна.; Ошибка FWHM (0.8%) в норме.,Длина профиля < размера пятна — FWHM занижен!; Ошибка FWHM (6.1%) в норме.,28,-0.10709090909108454,-0.21684545454547788,0.2903124698663309,0.2164285798130397,0.3219337356660362,0.2190738007153966,0.31819228488429646,0.3174481534989443,0.008645454545457287
spool 0.001_29_Spooled files.tif,359.396,0.203,273.265,0.041,1.07,0.068,113.75,1.625,12.025,3.25,30.691,0.185,32.2,0.193,3.831,0.265,3.934,0.067,Длина профиля оптимальна.; Ошибка FWHM (0.6%) в норме.,Длина профиля < размера пятна — FWHM занижен!; Ошибка FWHM (6.9%) в норме.,29,0.6439090909089487,-0.38484545454548424,0.2937453491715048,0.21623674562823336,0.3395619680704677,0.22263497065800175,0.28160669409637495,0.2869256526696233,0.017354545454542514
spool 0.001_30_Spooled files.tif,358.916,0.203,273.4,0.041,1.515,0.068,113.75,1.625,12.025,3.25,31.631,0.998,32.423,0.201,3.715,0.276,3.888,0.061,Длина профиля оптимальна.; Ошибка FWHM (3.2%) в норме.,Длина профиля < размера пятна — FWHM занижен!; Ошибка FWHM (7.4%) в норме.,30,0.16390909090893047,-0.24984545454549334,0.2937453491715048,0.21623674562823336,0.34821448872769395,0.22090344080590799,1.0203339307108674,0.29236677335136646,0.06335454545454278
spool 0.001_31_Spooled files.tif,358.17,0.2,273.778,0.041,1.475,0.07,113.75,1.625,12.025,3.25,33.195,0.234,32.662,0.183,3.81,0.248,3.96,0.065,Длина профиля оптимальна.; Ошибка FWHM (0.7%) в норме.,Длина профиля < размера пятна — FWHM занижен!; Ошибка FWHM (6.5%) в норме.,31,-0.5820909090910504,0.1281545454545494,0.2916801847227358,0.21623674562823336,0.3264679619195263,0.2220412803059136,0.3159641279637442,0.28029686077423216,0.008645454545457287
spool 0.001_32_Spooled files.tif,358.897,0.202,273.313,0.041,1.85,0.068,113.75,1.625,12.025,3.25,30.118,0.258,32.364,0.178,4.117,0.318,4.099,0.063,Длина профиля оптимальна.; Ошибка FWHM (0.9%) в норме.,Длина профиля < размера пятна — FWHM занижен!; Ошибка FWHM (7.7%) в норме.,32,0.144909090908925,-0.3368454545454824,0.2930551657280405,0.21623674562823336,0.38236282528495014,0.22146406065068278,0.33412771534233626,0.2770583515432973,0.14764545454545752
spool 0.001_33_Spooled files.tif,359.549,0.199,274.067,0.042,1.32,0.071,113.75,1.625,12.025,3.25,32.441,0.68,32.448,0.213,3.932,0.247,3.977,0.052,Длина профиля оптимальна.; Ошибка FWHM (2.1%) в норме.,Длина профиля < размера пятна — FWHM занижен!; Ошибка FWHM (6.3%) в норме.,33,0.7969090909089118,0.4171545454545367,0.2909954126096996,0.2164285798130397,0.3257089654275567,0.21858940999025844,0.7123744311525291,0.3007429636082768,0.02564545454545719
spool 0.001_34_Spooled files.tif,359.321,0.197,274.156,0.042,1.527,0.071,113.75,1.625,12.025,3.25,27.75,0.317,32.522,0.236,3.793,0.225,3.866,0.065,Длина профиля оптимальна.; Ошибка FWHM (1.1%) в норме.,Длина профиля < размера пятна — FWHM занижен!; Ошибка FWHM (5.9%) в норме.,34,0.56890909090896,0.5061545454545353,0.28963136943343915,0.2164285798130397,0.3093579321108306,0.2220412803059136,0.38153155853728443,0.3174481534989443,0.08535454545454257
spool 0.001_35_Spooled files.tif,358.975,0.202,274.419,0.041,1.382,0.069,113.75,1.625,12.025,3.25,30.559,0.219,32.274,0.209,4.06,0.239,3.918,0.082,Длина профиля оптимальна.; Ошибка FWHM (0.7%) в норме.,Длина профиля < размера пятна — FWHM занижен!; Ошибка FWHM (5.9%) в норме.,35,0.2229090909089564,0.7691545454545121,0.2930551657280405,0.21623674562823336,0.31968473557536226,0.22759905570957295,0.3050218519383313,0.2979233628970533,0.03335454545454253
spool 0.001_36_Spooled files.tif,358.999,0.201,273.787,0.042,1.216,0.07,113.75,1.625,12.025,3.25,30.2,0.233,31.729,0.201,4.088,0.256,4.051,0.049,Длина профиля оптимальна.; Ошибка FWHM (0.8%) в норме.,Длина профиля < размера пятна — FWHM занижен!; Ошибка FWHM (6.3%) в норме.,36,0.2469090909089573,0.13715454545450712,0.29236677335136646,0.2164285798130397,0.3325858237506363,0.21789522748304813,0.31522425376212615,0.29236677335136646,0.09964545454545748
spool 0.001_37_Spooled files.tif,358.3,0.201,273.425,0.041,1.429,0.071,113.75,1.625,12.025,3.25,30.893,0.186,32.559,0.2,3.832,0.236,3.984,0.073,Длина профиля оптимальна.; Ошибка FWHM (0.6%) в норме.,Длина профиля < размера пятна — FWHM занижен!; Ошибка FWHM (6.2%) в норме.,37,-0.452090909091055,-0.22484545454545923,0.29236677335136646,0.21623674562823336,0.3174481534989443,0.22451354115039318,0.2822646456074322,0.2916801847227358,0.03264545454545731
spool 0.001_38_Spooled files.tif,357.812,0.2,274.049,0.041,1.524,0.071,113.75,1.625,12.025,3.25,32.156,0.714,33.005,0.204,3.936,0.23,4.058,0.074,Длина профиля оптимальна.; Ошибка FWHM (2.2%) в норме.,Длина профиля < размера пятна — FWHM занижен!; Ошибка FWHM (5.9%) в норме.,38,-0.9400909090910545,0.39915454545450757,0.2916801847227358,0.21623674562823336,0.31301330668182353,0.22484067728035623,0.7448982012059696,0.29443731108656945,0.10664545454545715
spool 0.001_39_Spooled files.tif,359.12,0.202,273.972,0.041,1.271,0.07,113.75,1.625,12.025,3.25,29.978,0.246,32.307,0.201,3.801,0.239,3.884,0.074,Длина профиля оптимальна.; Ошибка FWHM (0.8%) в норме.,Длина профиля < размера пятна — FWHM занижен!; Ошибка FWHM (6.3%) в норме.,39,0.3679090909089382,0.3221545454545094,0.2930551657280405,0.21623674562823336,0.31968473557536226,0.22484067728035623,0.32495127351633707,0.29236677335136646,0.06735454545454278
spool 0.001_40_Spooled files.tif,359.291,0.199,273.022,0.042,1.645,0.073,113.75,1.625,12.025,3.25,31.577,0.228,32.195,0.216,3.821,0.26,3.936,0.079,Длина профиля оптимальна.; Ошибка FWHM (0.7%) в норме.,Длина профиля < размера пятна — FWHM занижен!; Ошибка FWHM (6.8%) в норме.,40,0.5389090909089305,-0.6278454545454792,0.2909954126096996,0.2164285798130397,0.3356744407307314,0.22653549426058886,0.3115466741274721,0.3028751065371489,0.015354545454542734
spool 0.001_41_Spooled files.tif,358.542,0.198,274.866,0.042,0.907,0.072,113.75,1.625,12.025,3.25,31.824,0.294,32.137,0.201,3.715,0.239,3.872,0.069,Длина профиля оптимальна.; Ошибка FWHM (0.9%) в норме.,Длина профиля < размера пятна — FWHM занижен!; Ошибка FWHM (6.4%) в норме.,41,-0.21009090909109318,1.2161545454545148,0.2903124698663309,0.2164285798130397,0.31968473557536226,0.22324500030211045,0.36264766669577414,0.29236677335136646,0.07935454545454279
spool 0.001_42_Spooled files.tif,358.691,0.195,272.267,0.042,1.209,0.073,113.75,1.625,12.025,3.25,31.455,0.197,32.493,0.203,3.9,0.226,3.962,0.065,Длина профиля оптимальна.; Ошибка FWHM (0.6%) в норме.,Длина профиля < размера пятна — FWHM занижен!; Ошибка FWHM (5.8%) в норме.,42,-0.06109090909109227,-1.3828454545454747,0.2882747476972086,0.2164285798130397,0.3100860044566496,0.2220412803059136,0.28963136943343915,0.2937453491715048,0.010645454545457511
spool 0.001_43_Spooled files.tif,359.032,0.204,273.335,0.041,1.406,0.068,113.75,1.625,12.025,3.25,32.06,0.194,32.848,0.184,3.914,0.234,4.088,0.077,Длина профиля оптимальна.; Ошибка FWHM (0.6%) в норме.,Длина профиля < размера пятна — FWHM занижен!; Ошибка FWHM (6.0%) в норме.,43,0.2799090909089159,-0.31484545454549107,0.29443731108656945,0.21623674562823336,0.3159641279637442,0.22584581058742112,0.28759925271093684,0.28095076109505257,0.1366454545454574
spool 0.001_44_Spooled files.tif,358.918,0.202,273.793,0.041,1.542,0.07,113.75,1.625,12.025,3.25,33.8,0.225,32.825,0.217,3.766,0.252,3.871,0.054,Длина профиля оптимальна.; Ошибка FWHM (0.7%) в норме.,Длина профиля < размера пятна — FWHM занижен!; Ошибка FWHM (6.7%) в норме.,44,0.16590909090894002,0.14315454545453576,0.2930551657280405,0.21623674562823336,0.32951681316723325,0.2190738007153966,0.3093579321108306,0.3035890810946423,0.08035454545454268
spool 0.001_45_Spooled files.tif,358.996,0.201,275.077,0.041,1.12,0.069,113.75,1.625,12.025,3.25,33.086,0.172,32.585,0.218,3.772,0.248,3.846,0.069,Длина профиля оптимальна.; Ошибка FWHM (0.5%) в норме.,Длина профиля < размера пятна — FWHM занижен!; Ошибка FWHM (6.6%) в норме.,45,0.24390909090891455,1.4271545454545276,0.29236677335136646,0.21623674562823336,0.3264679619195263,0.22324500030211045,0.2732422554435702,0.30430466667451767,0.10535454545454259
spool 0.001_46_Spooled files.tif,358.642,0.197,273.986,0.042,0.975,0.073,113.75,1.625,12.025,3.25,31.284,0.209,32.888,0.189,3.594,0.257,3.615,0.08,Длина профиля оптимальна.; Ошибка FWHM (0.7%) в норме.,Длина профиля < размера пятна — FWHM занижен!; Ошибка FWHM (7.2%) в норме.,46,-0.11009090909107044,0.3361545454545194,0.28963136943343915,0.2164285798130397,0.3333561611248385,0.2268861612348565,0.2979233628970533,0.2842504708173573,0.33635454545454246
spool 0.001_47_Spooled files.tif,357.555,0.198,273.588,0.041,1.004,0.072,113.75,1.625,12.025,3.25,33.071,0.214,32.499,0.172,4.059,0.224,4.054,0.056,Длина профиля оптимальна.; Ошибка FWHM (0.6%) в норме.,Длина профиля < размера пятна — FWHM занижен!; Ошибка FWHM (5.5%) в норме.,47,-1.1970909090910595,-0.06184545454544832,0.2903124698663309,0.21623674562823336,0.30863138233155957,0.21957534050956018,0.301452036251025,0.2732422554435702,0.10264545454545759
spool 0.001_48_Spooled files.tif,358.25,0.204,273.453,0.041,1.876,0.069,113.75,1.625,12.025,3.25,32.573,0.216,33.206,0.208,3.65,0.22,3.766,0.067,Длина профиля оптимальна.; Ошибка FWHM (0.7%) в норме.,Длина профиля < размера пятна — FWHM занижен!; Ошибка FWHM (6.0%) в норме.,48,-0.5020909090910664,-0.19684545454549607,0.29443731108656945,0.21623674562823336,0.3057406256287988,0.22263497065800175,0.3028751065371489,0.2972226945572785,0.18535454545454266
spool 0.001_49_Spooled files.tif,359.73,0.203,272.879,0.042,2.065,0.07,113.75,1.625,12.025,3.25,31.974,0.211,33.072,0.214,3.986,0.261,4.116,0.079,Длина профиля оптимальна.; Ошибка FWHM (0.7%) в норме.,Длина профиля < размера пятна — FWHM занижен!; Ошибка FWHM (6.5%) в норме.,49,0.9779090909089518,-0.7708454545454515,0.2937453491715048,0.2164285798130397,0.33644959527377843,0.22653549426058886,0.2993298016567834,0.301452036251025,0.16464545454545698
spool 0.001_50_Spooled files.tif,358.845,0.203,274.362,0.04,1.037,0.068,113.75,1.625,12.025,3.25,31.22,0.194,31.162,0.163,3.767,0.207,3.855,0.081,Длина профиля оптимальна.; Ошибка FWHM (0.6%) в норме.,Длина профиля < размера пятна — FWHM занижен!; Ошибка FWHM (5.5%) в норме.,50,0.09290909090896093,0.7121545454545526,0.2937453491715048,0.2160493697280538,0.2965237429952099,0.22724068772974898,0.28759925271093684,0.2676683211735922,0.0963545454545427
spool 0.001_51_Spooled files.tif,359.627,0.202,273.685,0.041,1.292,0.071,113.75,1.625,12.025,3.25,31.489,0.211,33.216,0.206,3.992,0.239,4.014,0.063,Длина профиля оптимальна.; Ошибка FWHM (0.7%) в норме.,Длина профиля < размера пятна — FWHM занижен!; Ошибка FWHM (6.0%) в норме.,51,0.8749090909089432,0.03515454545453167,0.2930551657280405,0.21623674562823336,0.31968473557536226,0.22146406065068278,0.2993298016567834,0.2958265203795787,0.06264545454545756
spool 0.001_52_Spooled files.tif,358.606,0.198,274.363,0.042,1.13,0.072,113.75,1.625,12.025,3.25,30.273,0.207,32.254,0.206,3.833,0.245,3.799,0.051,Длина профиля оптимальна.; Ошибка FWHM (0.7%) в норме.,Длина профиля < размера пятна — FWHM занижен!; Ошибка FWHM (6.4%) в норме.,52,-0.1460909090910718,0.7131545454545289,0.2903124698663309,0.2164285798130397,0.3241948953328681,0.21835368135181346,0.2965237429952099,0.2958265203795787,0.15235454545454274
spool 0.001_53_Spooled files.tif,359.215,0.205,273.982,0.04,0.939,0.067,113.75,1.625,12.025,3.25,33.146,0.168,33.647,0.203,3.991,0.234,3.942,0.067,Длина профиля оптимальна.; Ошибка FWHM (0.5%) в норме.,Длина профиля < размера пятна — FWHM занижен!; Ошибка FWHM (5.9%) в норме.,53,0.46290909090890864,0.33215454545455714,0.2951310389638631,0.2160493697280538,0.3159641279637442,0.22263497065800175,0.2707421839312989,0.2937453491715048,0.009354545454542507
spool 0.001_54_Spooled files.tif,359.399,0.199,272.879,0.042,0.803,0.07,113.75,1.625,12.025,3.25,31.615,0.272,32.638,0.196,4.11,0.309,4.123,0.063,Длина профиля оптимальна.; Ошибка FWHM (0.9%) в норме.,Длина профиля < размера пятна — FWHM занижен!; Ошибка FWHM (7.5%) в норме.,54,0.6469090909089346,-0.7708454545454515,0.2909954126096996,0.2164285798130397,0.37491109634137165,0.22146406065068278,0.34505264838845867,0.28895212433877226,0.17164545454545754
spool 0.001_55_Spooled files.tif,359.62,0.197,272.535,0.042,1.288,0.072,113.75,1.625,12.025,3.25,29.585,0.487,32.951,0.233,4.065,0.243,4.065,0.056,Длина профиля оптимальна.; Ошибка FWHM (1.6%) в норме.,Длина профиля < размера пятна — FWHM занижен!; Ошибка FWHM (6.0%) в норме.,55,0.8679090909089382,-1.1148454545454456,0.28963136943343915,0.2164285798130397,0.32268611708576694,0.21957534050956018,0.5312686045305983,0.31522425376212615,0.11364545454545771
spool 0.001_56_Spooled files.tif,358.16,0.205,273.908,0.041,1.053,0.068,113.75,1.625,12.025,3.25,30.909,0.185,32.814,0.179,3.958,0.252,3.807,0.072,Длина профиля оптимальна.; Ошибка FWHM (0.6%) в норме.,Длина профиля < размера пятна — FWHM занижен!; Ошибка FWHM (6.4%) в норме.,56,-0.5920909090910413,0.25815454545454486,0.2951310389638631,0.21623674562823336,0.32951681316723325,0.22419038819692805,0.28160669409637495,0.27770187280587305,0.14435454545454274
spool 0.001_57_Spooled files.tif,358.303,0.207,274.924,0.04,1.409,0.066,113.75,1.625,12.025,3.25,31.387,0.269,31.933,0.209,3.442,0.22,3.675,0.092,Длина профиля оптимальна.; Ошибка FWHM (0.9%) в норме.,Длина профиля < размера пятна — FWHM занижен!; Ошибка FWHM (6.4%) в норме.,57,-0.4490909090910691,1.2741545454545076,0.2965237429952099,0.2160493697280538,0.3057406256287988,0.23138999580770403,0.3426927635067442,0.2979233628970533,0.27635454545454285
spool 0.001_58_Spooled files.tif,357.761,0.198,272.813,0.042,1.522,0.073,113.75,1.625,12.025,3.25,31.933,0.247,33.1,0.198,4.088,0.322,4.141,0.056,Длина профиля оптимальна.; Ошибка FWHM (0.8%) в норме.,Длина профиля < размера пятна — FWHM занижен!; Ошибка FWHM (7.9%) в норме.,58,-0.9910909090910422,-0.8368454545454824,0.2903124698663309,0.2164285798130397,0.3856959037375031,0.21957534050956018,0.3257089654275567,0.2903124698663309,0.18964545454545734
spool 0.001_59_Spooled files.tif,359.088,0.199,272.794,0.041,1.341,0.071,113.75,1.625,12.025,3.25,31.216,0.213,32.206,0.176,3.69,0.316,3.781,0.076,Длина профиля оптимальна.; Ошибка FWHM (0.7%) в норме.,Длина профиля < размера пятна — FWHM занижен!; Ошибка FWHM (8.6%) в норме.,59,0.33590909090895593,-0.8558454545454879,0.2909954126096996,0.21623674562823336,0.38070110343928515,0.2255068295193946,0.3007429636082768,0.27577768249060564,0.17035454545454254
spool 0.001_60_Spooled files.tif,357.673,0.196,272.126,0.042,1.55,0.072,113.75,1.625,12.025,3.25,31.194,0.291,32.731,0.241,3.938,0.292,4.079,0.079,Длина профиля оптимальна.; Ошибка FWHM (0.9%) в норме.,Длина профиля < размера пятна — FWHM занижен!; Ошибка FWHM (7.4%) в норме.,60,-1.0790909090910645,-1.5238454545454942,0.28895212433877226,0.2164285798130397,0.36102815701810476,0.22653549426058886,0.3602198358778835,0.3211827052627356,0.12764545454545706
spool 0.001_61_Spooled files.tif,358.514,0.206,274.07,0.041,1.225,0.066,113.75,1.625,12.025,3.25,31.42,0.221,32.413,0.204,3.609,0.252,3.715,0.055,Длина профиля оптимальна.; Ошибка FWHM (0.7%) в норме.,Длина профиля < размера пятна — FWHM занижен!; Ошибка FWHM (7.0%) в норме.,61,-0.23809090909105635,0.4201545454545226,0.2958265203795787,0.21623674562823336,0.32951681316723325,0.21932243423756106,0.30646097656943094,0.29443731108656945,0.23635454545454282
spool 0.001_62_Spooled files.tif,358.795,0.198,273.526,0.042,1.557,0.072,113.75,1.625,12.025,3.25,33.103,0.247,32.918,0.18,3.701,0.237,3.863,0.063,Длина профиля оптимальна.; Ошибка FWHM (0.7%) в норме.,Длина профиля < размера пятна — FWHM занижен!; Ошибка FWHM (6.4%) в норме.,62,0.042909090908949565,-0.12384545454546014,0.2903124698663309,0.2164285798130397,0.31819228488429646,0.22146406065068278,0.3257089654275567,0.2783474989287479,0.08835454545454269
spool 0.001_63_Spooled files.tif,358.712,0.202,273.181,0.041,1.97,0.07,113.75,1.625,12.025,3.25,30.311,0.283,32.395,0.217,3.854,0.259,3.9,0.061,Длина профиля оптимальна.; Ошибка FWHM (0.9%) в норме.,Длина профиля < размера пятна — FWHM занижен!; Ошибка FWHM (6.7%) в норме.,63,-0.040090909091077265,-0.46884545454548743,0.2930551657280405,0.21623674562823336,0.3349004779929245,0.22090344080590799,0.35378853876276045,0.3035890810946423,0.051354545454542766
spool 0.001_64_Spooled files.tif,358.814,0.198,273.823,0.042,1.162,0.071,113.75,1.625,12.025,3.25,31.786,0.236,32.168,0.176,3.68,0.252,3.741,0.055,Длина профиля оптимальна.; Ошибка FWHM (0.7%) в норме.,Длина профиля < размера пятна — FWHM занижен!; Ошибка FWHM (6.9%) в норме.,64,0.06190909090895502,0.17315454545450848,0.2903124698663309,0.2164285798130397,0.32951681316723325,0.21932243423756106,0.3174481534989443,0.27577768249060564,0.21035454545454257
spool 0.001_65_Spooled files.tif,359.293,0.202,273.129,0.041,1.665,0.069,113.75,1.625,12.025,3.25,31.773,0.231,32.83,0.204,3.574,0.251,3.784,0.072,Длина профиля оптимальна.; Ошибка FWHM (0.7%) в норме.,Длина профиля < размера пятна — FWHM занижен!; Ошибка FWHM (7.0%) в норме.,65,0.54090909090894,-0.5208454545454515,0.2930551657280405,0.21623674562823336,0.32875268844511263,0.22419038819692805,0.31374883292195577,0.29443731108656945,0.16735454545454287
spool 0.001_66_Spooled files.tif,358.398,0.197,273.51,0.041,1.127,0.073,113.75,1.625,12.025,3.25,32.433,0.311,33.056,0.191,3.924,0.257,3.982,0.086,Длина профиля оптимальна.; Ошибка FWHM (1.0%) в норме.,Длина профиля < размера пятна — FWHM занижен!; Ошибка FWHM (6.5%) в норме.,66,-0.3540909090910418,-0.1398454545454797,0.28963136943343915,0.21623674562823336,0.3333561611248385,0.22907057899234745,0.3765611904589867,0.285584191018847,0.03064545454545753
spool 0.001_67_Spooled files.tif,358.995,0.202,274.351,0.041,1.198,0.069,113.75,1.625,12.025,3.25,31.533,0.195,33.103,0.215,3.893,0.241,3.907,0.068,Длина профиля оптимальна.; Ошибка FWHM (0.6%) в норме.,Длина профиля < размера пятна — FWHM занижен!; Ошибка FWHM (6.2%) в норме.,67,0.2429090909089382,0.7011545454545285,0.2930551657280405,0.21623674562823336,0.3211827052627356,0.22293795136739122,0.2882747476972086,0.302162754421999,0.04435454545454265
spool 0.001_68_Spooled files.tif,358.752,0.2,273.37,0.041,1.134,0.071,113.75,1.625,12.025,3.25,32.056,0.214,32.719,0.188,3.942,0.278,4.122,0.077,Длина профиля оптимальна.; Ошибка FWHM (0.7%) в норме.,Длина профиля < размера пятна — FWHM занижен!; Ошибка FWHM (7.1%) в норме.,68,-9.090909105680112e-05,-0.27984545454546605,0.2916801847227358,0.21623674562823336,0.34980184413448895,0.22584581058742112,0.301452036251025,0.28358654791772,0.1706454545454572
spool 0.001_69_Spooled files.tif,358.648,0.198,274.306,0.042,1.044,0.071,113.75,1.625,12.025,3.25,29.998,0.177,32.57,0.205,3.689,0.233,3.931,0.074,Длина профиля оптимальна.; Ошибка FWHM (0.6%) в норме.,Длина профиля < размера пятна — FWHM занижен!; Ошибка FWHM (6.3%) в норме.,69,-0.1040909090910418,0.6561545454545126,0.2903124698663309,0.2164285798130397,0.31522425376212615,0.22484067728035623,0.2764169498418816,0.2951310389638631,0.020354545454542627
spool 0.001_70_Spooled files.tif,357.668,0.2,272.923,0.041,1.399,0.07,113.75,1.625,12.025,3.25,32.742,0.226,33.089,0.207,4.1,0.27,4.092,0.062,Длина профиля оптимальна.; Ошибка FWHM (0.7%) в норме.,Длина профиля < размера пятна — FWHM занижен!; Ошибка FWHM (6.6%) в норме.,70,-1.08409090909106,-0.7268454545454688,0.2916801847227358,0.21623674562823336,0.343478281933355,0.22118166777535903,0.3100860044566496,0.2965237429952099,0.14064545454545696
spool 0.001_71_Spooled files.tif,358.537,0.198,273.733,0.042,1.443,0.072,113.75,1.625,12.025,3.25,31.329,0.24,33.009,0.199,3.857,0.258,3.825,0.056,Длина профиля оптимальна.; Ошибка FWHM (0.8%) в норме.,Длина профиля < размера пятна — FWHM занижен!; Ошибка FWHM (6.7%) в норме.,71,-0.21509090909108863,0.08315454545453349,0.2903124698663309,0.2164285798130397,0.33412771534233626,0.21957534050956018,0.32043303537539525,0.2909954126096996,0.1263545454545425
spool 0.001_72_Spooled files.tif,358.699,0.195,274.261,0.042,1.395,0.073,113.75,1.625,12.025,3.25,29.893,0.198,32.728,0.221,3.864,0.245,3.991,0.089,Длина профиля оптимальна.; Ошибка FWHM (0.7%) в норме.,Длина профиля < размера пятна — FWHM занижен!; Ошибка FWHM (6.3%) в норме.,72,-0.05309090909105407,0.6111545454545535,0.2882747476972086,0.2164285798130397,0.3241948953328681,0.23021366197489082,0.2903124698663309,0.30646097656943094,0.039645454545457426
spool 0.001_73_Spooled files.tif,359.252,0.203,274.441,0.041,1.426,0.067,113.75,1.625,12.025,3.25,32.177,0.208,32.776,0.214,4.096,0.275,3.982,0.082,Длина профиля оптимальна.; Ошибка FWHM (0.6%) в норме.,Длина профиля < размера пятна — FWHM занижен!; Ошибка FWHM (6.7%) в норме.,73,0.4999090909089432,0.7911545454545035,0.2937453491715048,0.21623674562823336,0.3474224088338133,0.22759905570957295,0.2972226945572785,0.301452036251025,0.03064545454545753
spool 0.001_74_Spooled files.tif,358.839,0.197,273.924,0.042,1.1,0.075,113.75,1.625,12.025,3.25,31.122,0.205,32.155,0.195,3.62,0.253,3.847,0.068,Длина профиля оптимальна.; Ошибка FWHM (0.7%) в норме.,Длина профиля < размера пятна — FWHM занижен!; Ошибка FWHM (7.0%) в норме.,74,0.08690909090893228,0.27415454545450757,0.28963136943343915,0.2164285798130397,0.3302821977641079,0.22293795136739122,0.2951310389638631,0.2882747476972086,0.1043545454545427
spool 0.001_75_Spooled files.tif,358.522,0.199,272.871,0.042,1.683,0.071,113.75,1.625,12.025,3.25,30.031,0.198,32.265,0.177,3.939,0.274,3.969,0.069,Длина профиля оптимальна.; Ошибка FWHM (0.7%) в норме.,Длина профиля < размера пятна — FWHM занижен!; Ошибка FWHM (6.9%) в норме.,75,-0.230090909091075,-0.7788454545454897,0.2909954126096996,0.2164285798130397,0.34663140388587027,0.22324500030211045,0.2903124698663309,0.2764169498418816,0.017645454545457184
spool 0.001_76_Spooled files.tif,358.828,0.196,273.123,0.042,1.258,0.073,113.75,1.625,12.025,3.25,30.849,0.222,32.4,0.161,3.821,0.228,3.999,0.084,Длина профиля оптимальна.; Ошибка FWHM (0.7%) в норме.,Длина профиля < размера пятна — FWHM занижен!; Ошибка FWHM (6.0%) в норме.,76,0.07590909090890818,-0.5268454545454802,0.28895212433877226,0.2164285798130397,0.3115466741274721,0.22832724357791667,0.30718289366416435,0.2664551184719282,0.04764545454545743
spool 0.001_77_Spooled files.tif,358.777,0.209,273.877,0.04,1.213,0.064,113.75,1.625,12.025,3.25,28.391,0.213,32.149,0.202,3.727,0.291,3.784,0.046,Длина профиля чуть больше пятна. Рекомендуется увеличить.; Ошибка FWHM (0.8%) в норме.,Длина профиля < размера пятна — FWHM занижен!; Ошибка FWHM (7.8%) в норме.,77,0.02490909090892046,0.22715454545453895,0.2979233628970533,0.2160493697280538,0.3602198358778835,0.21724025906790226,0.3007429636082768,0.2930551657280405,0.16735454545454287
spool 0.001_78_Spooled files.tif,358.427,0.198,274.08,0.042,1.414,0.073,113.75,1.625,12.025,3.25,31.046,0.492,32.538,0.214,3.795,0.251,3.936,0.071,Длина профиля оптимальна.; Ошибка FWHM (1.6%) в норме.,Длина профиля < размера пятна — FWHM занижен!; Ошибка FWHM (6.6%) в норме.,78,-0.32509090909104543,0.4301545454545135,0.2903124698663309,0.2164285798130397,0.32875268844511263,0.22387123566883105,0.535855699008501,0.301452036251025,0.015354545454542734
spool 0.001_79_Spooled files.tif,359.268,0.197,273.943,0.042,1.604,0.071,113.75,1.625,12.025,3.25,35.196,0.209,33.155,0.212,3.649,0.249,3.922,0.088,Длина профиля оптимальна.; Ошибка FWHM (0.6%) в норме.,Длина профиля < размера пятна — FWHM занижен!; Ошибка FWHM (6.8%) в норме.,79,0.5159090909089059,0.293154545454513,0.28963136943343915,0.2164285798130397,0.327228253914434,0.22982891497783584,0.2979233628970533,0.30003554816036265,0.029354545454542524
spool 0.001_80_Spooled files.tif,359.049,0.199,272.579,0.041,1.761,0.07,113.75,1.625,12.025,3.25,31.939,0.182,33.203,0.197,4.138,0.278,4.14,0.058,Длина профиля оптимальна.; Ошибка FWHM (0.6%) в норме.,Длина профиля < размера пятна — FWHM занижен!; Ошибка FWHM (6.7%) в норме.,80,0.2969090909089118,-1.0708454545454629,0.2909954126096996,0.21623674562823336,0.34980184413448895,0.2200939121372722,0.27964500739310416,0.28963136943343915,0.188645454545457
spool 0.001_81_Spooled files.tif,358.446,0.201,274.069,0.042,1.808,0.069,113.75,1.625,12.025,3.25,31.169,0.237,32.406,0.196,3.872,0.276,4.008,0.083,Длина профиля оптимальна.; Ошибка FWHM (0.8%) в норме.,Длина профиля < размера пятна — FWHM занижен!; Ошибка FWHM (7.1%) в норме.,81,-0.30609090909104,0.4191545454545462,0.29236677335136646,0.2164285798130397,0.34821448872769395,0.22796124705723403,0.31819228488429646,0.28895212433877226,0.05664545454545733
spool 0.001_82_Spooled files.tif,359.096,0.203,273.534,0.041,1.333,0.068,113.75,1.625,12.025,3.25,30.924,0.173,32.388,0.206,3.829,0.285,3.831,0.074,Длина профиля оптимальна.; Ошибка FWHM (0.6%) в норме.,Длина профиля < размера пятна — FWHM занижен!; Ошибка FWHM (7.4%) в норме.,82,0.3439090909089373,-0.11584545454547879,0.2937453491715048,0.21623674562823336,0.3553903912036583,0.22484067728035623,0.2738728357466094,0.2958265203795787,0.12035454545454272
spool 0.001_83_Spooled files.tif,359.556,0.198,273.504,0.042,1.908,0.072,113.75,1.625,12.025,3.25,32.415,0.246,32.984,0.216,3.811,0.255,3.815,0.058,Длина профиля оптимальна.; Ошибка FWHM (0.8%) в норме.,Длина профиля < размера пятна — FWHM занижен!; Ошибка FWHM (6.7%) в норме.,83,0.8039090909089168,-0.1458454545454515,0.2903124698663309,0.2164285798130397,0.3318167116947085,0.2200939121372722,0.32495127351633707,0.3028751065371489,0.13635454545454273
spool 0.001_84_Spooled files.tif,357.953,0.205,273.258,0.041,1.187,0.066,113.75,1.625,12.025,3.25,29.743,0.168,32.802,0.212,3.756,0.297,4.01,0.075,Длина профиля оптимальна.; Ошибка FWHM (0.6%) в норме.,Длина профиля < размера пятна — FWHM занижен!; Ошибка FWHM (7.9%) в норме.,84,-0.7990909090910918,-0.39184545454548925,0.2951310389638631,0.21623674562823336,0.3650840042509248,0.22517177922619275,0.2707421839312989,0.30003554816036265,0.05864545454545711
spool 0.001_85_Spooled files.tif,358.561,0.199,274.16,0.042,1.437,0.071,113.75,1.625,12.025,3.25,33.309,0.196,32.639,0.229,3.903,0.26,3.992,0.078,Длина профиля оптимальна.; Ошибка FWHM (0.6%) в норме.,Длина профиля < размера пятна — FWHM занижен!; Ошибка FWHM (6.7%) в норме.,85,-0.19109090909108772,0.5101545454545544,0.2909954126096996,0.2164285798130397,0.3356744407307314,0.22618870475753047,0.28895212433877226,0.3122792502871257,0.040645454545457316
spool 0.001_86_Spooled files.tif,358.911,0.2,273.856,0.041,0.681,0.071,113.75,1.625,12.025,3.25,32.617,0.21,32.659,0.22,3.805,0.298,3.986,0.074,Длина профиля оптимальна.; Ошибка FWHM (0.6%) в норме.,Длина профиля < размера пятна — FWHM занижен!; Ошибка FWHM (7.8%) в норме.,86,0.158909090908935,0.20615454545452394,0.2916801847227358,0.21623674562823336,0.365897977802405,0.22484067728035623,0.2986257359302599,0.3057406256287988,0.03464545454545753
spool 0.001_87_Spooled files.tif,358.449,0.201,274.115,0.041,1.304,0.07,113.75,1.625,12.025,3.25,31.17,0.279,32.26,0.178,3.708,0.276,3.871,0.061,Длина профиля оптимальна.; Ошибка FWHM (0.9%) в норме.,Длина профиля < размера пятна — FWHM занижен!; Ошибка FWHM (7.4%) в норме.,87,-0.3030909090910541,0.4651545454545385,0.29236677335136646,0.21623674562823336,0.34821448872769395,0.22090344080590799,0.3505971051789922,0.2770583515432973,0.08035454545454268
spool 0.001_88_Spooled files.tif,357.301,0.208,274.069,0.04,1.526,0.066,113.75,1.625,12.025,3.25,31.552,0.205,32.976,0.202,3.895,0.266,3.852,0.067,Длина профиля оптимальна.; Ошибка FWHM (0.6%) в норме.,Длина профиля < размера пятна — FWHM занижен!; Ошибка FWHM (6.8%) в норме.,88,-1.4510909090910786,0.4191545454545462,0.2972226945572785,0.2160493697280538,0.3403429596155756,0.22263497065800175,0.2951310389638631,0.2930551657280405,0.09935454545454281
spool 0.001_89_Spooled files.tif,358.501,0.2,273.58,0.041,1.535,0.07,113.75,1.625,12.025,3.25,29.716,0.234,32.825,0.191,4.059,0.225,4.268,0.082,Длина профиля оптимальна.; Ошибка FWHM (0.8%) в норме.,Длина профиля < размера пятна — FWHM занижен!; Ошибка FWHM (5.6%) в норме.,89,-0.25109090909109,-0.06984545454548652,0.2916801847227358,0.21623674562823336,0.3093579321108306,0.22759905570957295,0.3159641279637442,0.285584191018847,0.3166454545454571
spool 0.001_90_Spooled files.tif,359.339,0.193,273.983,0.042,1.351,0.075,113.75,1.625,12.025,3.25,31.4,0.232,32.185,0.229,3.898,0.241,4.18,0.071,Длина профиля оптимальна.; Ошибка FWHM (0.7%) в норме.,Длина профиля < размера пятна — FWHM занижен!; Ошибка FWHM (6.2%) в норме.,90,0.5869090909089323,0.3331545454545335,0.2869256526696233,0.2164285798130397,0.3211827052627356,0.22387123566883105,0.3144858186944036,0.3122792502871257,0.22864545454545704
spool 0.001_91_Spooled files.tif,358.292,0.2,274.717,0.042,1.696,0.071,113.75,1.625,12.025,3.25,30.573,0.286,31.995,0.216,3.758,0.343,3.831,0.054,Длина профиля оптимальна.; Ошибка FWHM (0.9%) в норме.,Длина профиля < размера пятна — FWHM занижен!; Ошибка FWHM (9.1%) в норме.,91,-0.4600909090910932,1.067154545454514,0.2916801847227358,0.2164285798130397,0.4033935177464919,0.2190738007153966,0.356192827215666,0.3028751065371489,0.12035454545454272
spool 0.001_92_Spooled files.tif,359.764,0.2,274.896,0.042,0.853,0.07,113.75,1.625,12.025,3.25,29.344,0.223,32.533,0.263,4.032,0.239,4.043,0.06,Длина профиля оптимальна.; Ошибка FWHM (0.8%) в норме.,Длина профиля < размера пятна — FWHM занижен!; Ошибка FWHM (5.9%) в норме.,92,1.0119090909089437,1.2461545454545444,0.2916801847227358,0.2164285798130397,0.31968473557536226,0.2206293955027056,0.3079063658969871,0.3380034469645085,0.09164545454545747
spool 0.001_93_Spooled files.tif,359.394,0.202,273.511,0.041,1.61,0.069,113.75,1.625,12.025,3.25,32.123,0.19,32.326,0.166,4.009,0.268,4.004,0.06,Длина профиля оптимальна.; Ошибка FWHM (0.6%) в норме.,Длина профиля < размера пятна — FWHM занижен!; Ошибка FWHM (6.7%) в норме.,93,0.6419090909089391,-0.1388454545454465,0.2930551657280405,0.21623674562823336,0.34190836515050244,0.2206293955027056,0.28491635642744223,0.2695057145217691,0.05264545454545688
spool 0.001_94_Spooled files.tif,358.426,0.207,273.891,0.04,1.168,0.066,113.75,1.625,12.025,3.25,32.073,0.22,32.893,0.24,3.643,0.377,3.885,0.075,Длина профиля оптимальна.; Ошибка FWHM (0.7%) в норме.,Длина профиля < размера пятна — FWHM занижен!; Ошибка FWHM (10.4%) в норме.,94,-0.32609090909107863,0.24115454545454895,0.2965237429952099,0.2160493697280538,0.432673468287448,0.22517177922619275,0.3057406256287988,0.32043303537539525,0.06635454545454289
spool 0.001_95_Spooled files.tif,358.817,0.198,273.612,0.042,1.638,0.073,113.75,1.625,12.025,3.25,31.359,0.186,32.958,0.215,3.843,0.231,3.914,0.09,Длина профиля оптимальна.; Ошибка FWHM (0.6%) в норме.,Длина профиля < размера пятна — FWHM занижен!; Ошибка FWHM (6.0%) в норме.,95,0.06490909090894093,-0.03784545454544741,0.2903124698663309,0.2164285798130397,0.31374883292195577,0.23060210354610663,0.2822646456074322,0.302162754421999,0.03735454545454253
spool 0.001_96_Spooled files.tif,358.709,0.201,275.062,0.041,1.5,0.07,113.75,1.625,12.025,3.25,29.437,0.207,31.693,0.214,4.003,0.323,3.972,0.062,Длина профиля оптимальна.; Ошибка FWHM (0.7%) в норме.,Длина профиля < размера пятна — FWHM занижен!; Ошибка FWHM (8.1%) в норме.,96,-0.04309090909106317,1.4121545454545412,0.29236677335136646,0.21623674562823336,0.38653115030989327,0.22118166777535903,0.2965237429952099,0.301452036251025,0.020645454545457298
spool 0.001_97_Spooled files.tif,358.597,0.202,273.473,0.041,1.125,0.07,113.75,1.625,12.025,3.25,32.53,0.244,32.486,0.223,4.102,0.247,4.013,0.055,Длина профиля оптимальна.; Ошибка FWHM (0.8%) в норме.,Длина профиля < размера пятна — FWHM занижен!; Ошибка FWHM (6.0%) в норме.,97,-0.15509090909108636,-0.17684545454545741,0.2930551657280405,0.21623674562823336,0.3257089654275567,0.21932243423756106,0.32343984009377896,0.3079063658969871,0.06164545454545722
spool 0.001_98_Spooled files.tif,358.438,0.204,272.97,0.041,1.633,0.069,113.75,1.625,12.025,3.25,31.548,0.192,32.001,0.167,3.746,0.29,3.952,0.083,Длина профиля оптимальна.; Ошибка FWHM (0.6%) в норме.,Длина профиля < размера пятна — FWHM занижен!; Ошибка FWHM (7.7%) в норме.,98,-0.3140909090910782,-0.6798454545454433,0.29443731108656945,0.21623674562823336,0.3594124791376745,0.22796124705723403,0.286253960950568,0.27012280570120195,0.0006454545454572802
spool 0.001_99_Spooled files.tif,358.303,0.195,274.81,0.043,1.987,0.074,113.75,1.625,12.025,3.25,31.468,0.181,33.724,0.282,4.4,0.223,4.476,0.071,Длина профиля оптимальна.; Ошибка FWHM (0.6%) в норме.,Длина профиля < размера пятна — FWHM занижен!; Ошибка FWHM (5.1%) в норме.,99,-0.4490909090910691,1.1601545454545317,0.2882747476972086,0.2166248604382454,0.3079063658969871,0.22387123566883105,0.27899521529927584,0.35298913603663395,0.5246454545454573
spool 0.001_100_Spooled files.tif,358.064,0.196,273.315,0.043,1.683,0.072,113.75,1.625,12.025,3.25,32.592,0.193,33.101,0.211,3.666,0.209,3.911,0.095,Длина профиля оптимальна.; Ошибка FWHM (0.6%) в норме.,Длина профиля < размера пятна — FWHM занижен!; Ошибка FWHM (5.7%) в норме.,100,-0.688090909091045,-0.3348454545454729,0.28895212433877226,0.2166248604382454,0.2979233628970533,0.23259907600824492,0.2869256526696233,0.2993298016567834,0.040354545454542645
spool 0.001_101_Spooled files.tif,359.472,0.203,273.102,0.041,1.187,0.068,113.75,1.625,12.025,3.25,30.755,0.183,32.694,0.222,3.865,0.233,3.84,0.046,Длина профиля оптимальна.; Ошибка FWHM (0.6%) в норме.,Длина профиля < размера пятна — FWHM занижен!; Ошибка FWHM (6.0%) в норме.,101,0.7199090909089136,-0.5478454545454952,0.2937453491715048,0.21623674562823336,0.31522425376212615,0.21724025906790226,0.28029686077423216,0.30718289366416435,0.11135454545454282
spool 0.001_102_Spooled files.tif,358.654,0.198,273.104,0.042,1.777,0.072,113.75,1.625,12.025,3.25,29.266,0.3,32.883,0.244,4.122,0.265,4.074,0.07,Длина профиля оптимальна.; Ошибка FWHM (1.0%) в норме.,Длина профиля < размера пятна — FWHM занижен!; Ошибка FWHM (6.4%) в норме.,102,-0.09809090909106999,-0.5458454545454856,0.2903124698663309,0.2164285798130397,0.3395619680704677,0.2235561006993307,0.3675286793705891,0.32343984009377896,0.12264545454545717
spool 0.001_103_Spooled files.tif,359.568,0.197,273.414,0.042,1.206,0.071,113.75,1.625,12.025,3.25,31.515,0.258,33.076,0.197,4.105,0.258,4.169,0.087,Длина профиля оптимальна.; Ошибка FWHM (0.8%) в норме.,Длина профиля < размера пятна — FWHM занижен!; Ошибка FWHM (6.3%) в норме.,103,0.8159090909089173,-0.23584545454548334,0.28963136943343915,0.2164285798130397,0.33412771534233626,0.2294478811405529,0.33412771534233626,0.28963136943343915,0.21764545454545692
spool 0.001_104_Spooled files.tif,358.771,0.197,273.184,0.043,1.325,0.073,113.75,1.625,12.025,3.25,32.932,0.227,32.869,0.199,3.801,0.255,3.88,0.07,Длина профиля оптимальна.; Ошибка FWHM (0.7%) в норме.,Длина профиля < размера пятна — FWHM занижен!; Ошибка FWHM (6.7%) в норме.,104,0.018909090908948656,-0.4658454545454447,0.28963136943343915,0.2166248604382454,0.3318167116947085,0.2235561006993307,0.3108155886693737,0.2909954126096996,0.07135454545454278
spool 0.001_105_Spooled files.tif,358.867,0.201,274.151,0.041,1.594,0.07,113.75,1.625,12.025,3.25,31.03,0.172,32.085,0.19,3.816,0.236,3.825,0.063,Длина профиля оптимальна.; Ошибка FWHM (0.6%) в норме.,Длина профиля < размера пятна — FWHM занижен!; Ошибка FWHM (6.2%) в норме.,105,0.1149090909089523,0.5011545454545399,0.29236677335136646,0.21623674562823336,0.3174481534989443,0.22146406065068278,0.2732422554435702,0.28491635642744223,0.1263545454545425
spool 0.001_106_Spooled files.tif,357.581,0.203,273.054,0.041,1.026,0.069,113.75,1.625,12.025,3.25,31.534,0.248,31.684,0.197,3.803,0.263,3.921,0.08,Длина профиля оптимальна.; Ошибка FWHM (0.8%) в норме.,Длина профиля < размера пятна — FWHM занижен!; Ошибка FWHM (6.9%) в норме.,106,-1.171090909091049,-0.595845454545497,0.2937453491715048,0.21623674562823336,0.3380034469645085,0.2268861612348565,0.3264679619195263,0.28963136943343915,0.03035454545454286
spool 0.001_107_Spooled files.tif,359.69,0.199,273.974,0.042,1.36,0.072,113.75,1.625,12.025,3.25,34.333,0.159,32.588,0.228,3.692,0.221,3.748,0.071,Длина профиля оптимальна.; Ошибка FWHM (0.5%) в норме.,Длина профиля < размера пятна — FWHM занижен!; Ошибка FWHM (6.0%) в норме.,107,0.9379090909089314,0.32415454545451894,0.2909954126096996,0.2164285798130397,0.30646097656943094,0.22387123566883105,0.26525144704579706,0.3115466741274721,0.20335454545454246
spool 0.001_108_Spooled files.tif,357.798,0.203,274.129,0.041,1.235,0.069,113.75,1.625,12.025,3.25,32.119,0.195,32.147,0.186,3.673,0.268,3.828,0.077,Длина профиля оптимальна.; Ошибка FWHM (0.6%) в норме.,Длина профиля < размера пятна — FWHM занижен!; Ошибка FWHM (7.3%) в норме.,108,-0.9540909090910645,0.4791545454545485,0.2937453491715048,0.21623674562823336,0.34190836515050244,0.22584581058742112,0.2882747476972086,0.2822646456074322,0.12335454545454283
spool 0.001_109_Spooled files.tif,358.979,0.192,272.965,0.043,1.476,0.075,113.75,1.625,12.025,3.25,31.167,0.173,32.353,0.2,3.728,0.238,3.746,0.077,Длина профиля оптимальна.; Ошибка FWHM (0.6%) в норме.,Длина профиля < размера пятна — FWHM занижен!; Ошибка FWHM (6.4%) в норме.,109,0.22690909090891864,-0.6848454545454956,0.286253960950568,0.2166248604382454,0.3189378155062352,0.22584581058742112,0.2738728357466094,0.2916801847227358,0.20535454545454268

# Итоговая статистика (относительно среднего)
,Среднее,Ст. откл.,Мин.,Макс.
"ΔX, мкм",-0.0000,0.5650,-1.4511,1.5849
"ΔY, мкм",-0.0000,0.6576,-1.7088,1.4272
FWHM орт. (прямое),3.8745,0.1699,3.4380,4.4000
FWHM орт. (Gauss),3.9514,0.1416,3.6150,4.4760
FWHM осн. (прямое),31.4204,1.2627,27.7500,35.1960
FWHM осн. (Gauss),32.5795,0.4796,31.0430,33.7240

# Тренды (мкм/шаг)
ΔX, мкм: -0.00074
ΔY, мкм: 0.00188
FWHM орт. (прямое): -0.00040
FWHM орт. (Gauss): -0.00018
FWHM осн. (прямое): 0.00212
FWHM осн. (Gauss): 0.00050

# Погрешность детектора (использована для свертки): 0.212 мкм
# Итоговые погрешности рассчитаны как sqrt(σ_det^2 + σ_fit^2)

# Файлы с FWHM орт. (Gauss), наиболее близкими к среднему
Имя файла,"FWHM орт. (Gauss), мкм","Отклонение от среднего, мкм"
spool 0.001_98_Spooled files.tif,3.9520,0.0006
spool 0.001_9_Spooled files.tif,3.9500,0.0014
spool 0.001_5_Spooled files.tif,3.9490,0.0024
